{ "id":"",
  "title":"",
  "status":"",
  "date":"",
  "time":"",
  "classroom":"",
  "content":"",
  "feedback":{""},
  "notes":[""]
}


##############+++EXAMPLE+++################

{[
  {"id":"1",
  "title":"Lecture 1",
  "status":"taught",
  "date":"13th March",
  "time":"10:00 - 11:45 AM",
  "classroom":"Mechanical Engineering - Lecture Hall 3",
  "content":"Lecture 1 content ~~ Lorem ipsum dolor sit amet, consectetur adipiscing elit, sed do eiusmod tempor incididunt ut labore et dolore magna aliqua. Risus viverra adipiscing at in tellus integer feugiat scelerisque. Id ornare arcu odio ut sem nulla pharetra diam. Tincidunt ornare massa eget egestas purus viverra. Nunc lobortis mattis aliquam faucibus purus in. Condimentum lacinia quis vel eros donec ac odio tempor orci. Cras semper auctor neque vitae tempus quam pellentesque nec. Accumsan tortor posuere ac ut. Enim sit amet venenatis urna cursus eget nunc scelerisque. Egestas sed tempus urna et pharetra pharetra massa massa. Sem et tortor consequat id. Commodo sed egestas egestas fringilla phasellus faucibus scelerisque. Nullam non nisi est sit amet facilisis magna etiam tempor. Phasellus vestibulum lorem sed risus ultricies tristique. Commodo viverra maecenas accumsan lacus vel facilisis volutpat. Pulvinar etiam non quam lacus suspendisse faucibus interdum posuere. Justo donec enim diam vulputate ut pharetra sit amet. Facilisis mauris sit amet massa vitae tortor.",
  "feedback":{},
  "notes":[]
},
{"id":"2",
  "title":"Lecture 2",
  "status":"taught",
  "date":"17th March",
  "time":"10:00 - 11:45 AM",
  "classroom":"Mechanical Engineering - Lecture Hall 3",
  "content":"Lecture 2 content ~~ Lorem ipsum dolor sit amet, consectetur adipiscing elit, sed do eiusmod tempor incididunt ut labore et dolore magna aliqua. Risus viverra adipiscing at in tellus integer feugiat scelerisque. Id ornare arcu odio ut sem nulla pharetra diam. Tincidunt ornare massa eget egestas purus viverra. Nunc lobortis mattis aliquam faucibus purus in. Condimentum lacinia quis vel eros donec ac odio tempor orci. Cras semper auctor neque vitae tempus quam pellentesque nec. Accumsan tortor posuere ac ut. Enim sit amet venenatis urna cursus eget nunc scelerisque. Egestas sed tempus urna et pharetra pharetra massa massa. Sem et tortor consequat id. Commodo sed egestas egestas fringilla phasellus faucibus scelerisque. Nullam non nisi est sit amet facilisis magna etiam tempor. Phasellus vestibulum lorem sed risus ultricies tristique. Commodo viverra maecenas accumsan lacus vel facilisis volutpat. Pulvinar etiam non quam lacus suspendisse faucibus interdum posuere. Justo donec enim diam vulputate ut pharetra sit amet. Facilisis mauris sit amet massa vitae tortor.",
  "feedback":{},
  "notes":["Note 1 ~~ Lorem ipsum dolor sit amet, consectetur adipiscing elit, sed do eiusmod tempor incididunt ut labore et dolore magna aliqua. Risus viverra adipiscing at in tellus integer feugiat scelerisque. Id ornare arcu odio ut sem nulla pharetra diam. Tincidunt ornare massa eget egestas purus viverra. Nunc lobortis mattis aliquam faucibus purus in. Condimentum lacinia quis vel eros donec ac odio tempor orci. Cras semper auctor neque vitae tempus quam pellentesque nec. Accumsan tortor posuere ac ut. .",
  "Note 2 ~~ Lorem ipsum dolor sit amet, consectetur adipiscing elit, sed do eiusmod tempor incididunt ut labore et dolore magna aliqua. Risus viverra adipiscing at in tellus integer feugiat scelerisque. Id ornare arcu odio ut sem nulla pharetra diam. Tincidunt ornare massa eget egestas purus viverra. Nunc lobortis mattis aliquam faucibus purus in. Condimentum lacinia quis vel eros donec ac odio tempor orci. Cras semper auctor neque vitae tempus quam pellentesque nec. Accumsan tortor posuere ac ut. "]
}，
  {"id":"3",
  "title":"Lecture 3",
  "status":"taught",
  "date":"13th March",
  "time":"10:00 - 11:45 AM",
  "classroom":"Mechanical Engineering - Lecture Hall 3",
  "content":"Lecture 3 content ~~ Lorem ipsum dolor sit amet, consectetur adipiscing elit, sed do eiusmod tempor incididunt ut labore et dolore magna aliqua. Risus viverra adipiscing at in tellus integer feugiat scelerisque. Id ornare arcu odio ut sem nulla pharetra diam. Tincidunt ornare massa eget egestas purus viverra. Nunc lobortis mattis aliquam faucibus purus in. Condimentum lacinia quis vel eros donec ac odio tempor orci. Cras semper auctor neque vitae tempus quam pellentesque nec. Accumsan tortor posuere ac ut. Enim sit amet venenatis urna cursus eget nunc scelerisque. Egestas sed tempus urna et pharetra pharetra massa massa. Sem et tortor consequat id. Commodo sed egestas egestas fringilla phasellus faucibus scelerisque. Nullam non nisi est sit amet facilisis magna etiam tempor. Phasellus vestibulum lorem sed risus ultricies tristique. Commodo viverra maecenas accumsan lacus vel facilisis volutpat. Pulvinar etiam non quam lacus suspendisse faucibus interdum posuere. Justo donec enim diam vulputate ut pharetra sit amet. Facilisis mauris sit amet massa vitae tortor.",
  "feedback":{},
  "notes":[]
  },

  {"id":"4",
  "title":"Lecture 4",
  "status":"taught",
  "date":"17th March",
  "time":"10:00 - 11:45 AM",
  "classroom":"Mechanical Engineering - Lecture Hall 3",
  "content":"Lecture 4 content ~~ Lorem ipsum dolor sit amet, consectetur adipiscing elit, sed do eiusmod tempor incididunt ut labore et dolore magna aliqua. Risus viverra adipiscing at in tellus integer feugiat scelerisque. Id ornare arcu odio ut sem nulla pharetra diam. Tincidunt ornare massa eget egestas purus viverra. Nunc lobortis mattis aliquam faucibus purus in. Condimentum lacinia quis vel eros donec ac odio tempor orci. Cras semper auctor neque vitae tempus quam pellentesque nec. Accumsan tortor posuere ac ut. Enim sit amet venenatis urna cursus eget nunc scelerisque. Egestas sed tempus urna et pharetra pharetra massa massa. Sem et tortor consequat id. Commodo sed egestas egestas fringilla phasellus faucibus scelerisque. Nullam non nisi est sit amet facilisis magna etiam tempor. Phasellus vestibulum lorem sed risus ultricies tristique. Commodo viverra maecenas accumsan lacus vel facilisis volutpat. Pulvinar etiam non quam lacus suspendisse faucibus interdum posuere. Justo donec enim diam vulputate ut pharetra sit amet. Facilisis mauris sit amet massa vitae tortor.",
  "feedback":{},
  "notes":["Note 1 ~~ Lorem ipsum dolor sit amet, consectetur adipiscing elit, sed do eiusmod tempor incididunt ut labore et dolore magna aliqua. Risus viverra adipiscing at in tellus integer feugiat scelerisque. Id ornare arcu odio ut sem nulla pharetra diam. Tincidunt ornare massa eget egestas purus viverra. Nunc lobortis mattis aliquam faucibus purus in. Condimentum lacinia quis vel eros donec ac odio tempor orci. Cras semper auctor neque vitae tempus quam pellentesque nec. Accumsan tortor posuere ac ut. .",
  "Note 2 ~~ Lorem ipsum dolor sit amet, consectetur adipiscing elit, sed do eiusmod tempor incididunt ut labore et dolore magna aliqua. Risus viverra adipiscing at in tellus integer feugiat scelerisque. Id ornare arcu odio ut sem nulla pharetra diam. Tincidunt ornare massa eget egestas purus viverra. Nunc lobortis mattis aliquam faucibus purus in. Condimentum lacinia quis vel eros donec ac odio tempor orci. Cras semper auctor neque vitae tempus quam pellentesque nec. Accumsan tortor posuere ac ut. "]
  }，


]}
